t,"satellite position (lat,lon)","nearest target (lat,lon)",camera tilt deg,angular velocity
0,"0.000,0.000","17.987,22.747",15,0
5,"0.287,0.359","17.987,22.747",15,0
10,"0.573,0.718","17.987,22.747",15,0
15,"0.860,1.077","17.987,22.747",15,0
20,"1.147,1.436","17.987,22.747",15,0
25,"1.433,1.795","17.987,22.747",15,0
30,"1.720,2.154","17.987,22.747",15,0
35,"2.007,2.513","17.987,22.747",15,0
40,"2.293,2.872","17.987,22.747",15,0
45,"2.580,3.231","17.987,22.747",15,0
50,"2.866,3.589","17.987,22.747",15,0
55,"3.152,3.948","17.987,22.747",15,0
60,"3.438,4.307","17.987,22.747",15,0
65,"3.724,4.665","17.987,22.747",15,0
70,"4.011,5.024","17.987,22.747",15,0
75,"4.296,5.383","17.987,22.747",15,0
80,"4.582,5.741","17.987,22.747",15,0
85,"4.868,6.099","17.987,22.747",15,0
90,"5.153,6.458","17.987,22.747",15,0
95,"5.439,6.816","17.987,22.747",15,0
100,"5.724,7.174","17.987,22.747",15,0
105,"6.009,7.532","17.987,22.747",15,0
110,"6.294,7.890","17.987,22.747",15,0
115,"6.579,8.248","17.987,22.747",15,0
120,"6.863,8.606","17.987,22.747",15,0
125,"7.148,8.963","17.987,22.747",15,0
130,"7.432,9.321","17.987,22.747",15,0
135,"7.716,9.678","17.987,22.747",15,0
140,"8.000,10.035","17.987,22.747",15,0
145,"8.283,10.392","17.987,22.747",15,0
150,"8.566,10.749","17.987,22.747",15,0
155,"8.850,11.106","17.987,22.747",15,0
160,"9.132,11.463","17.987,22.747",15,0
165,"9.415,11.819","17.987,22.747",15,0
170,"9.697,12.176","17.987,22.747",15,0
175,"9.979,12.532","17.987,22.747",15,0
180,"10.261,12.888","17.987,22.747",15,0
185,"10.543,13.244","17.987,22.747",15,0
190,"10.824,13.600","17.987,22.747",15,0
195,"11.105,13.955","17.987,22.747",15,0
200,"11.385,14.311","17.987,22.747",15,0
205,"11.666,14.666","17.987,22.747",15,0
210,"11.946,15.021","17.987,22.747",15,0
215,"12.225,15.376","17.987,22.747",15,0
220,"12.505,15.731","17.987,22.747",15,0
225,"12.784,16.085","17.987,22.747",15,0
230,"13.062,16.439","17.987,22.747",15,0
235,"13.341,16.793","17.987,22.747",15,0
240,"13.619,17.147","17.987,22.747",15,0
245,"13.896,17.501","17.987,22.747",15,0
250,"14.173,17.854","17.987,22.747",15,0
255,"14.450,18.207","17.987,22.747",56.92,0.17445
260,"14.727,18.560","17.987,22.747",54.6,0.00111
265,"15.003,18.913","17.987,22.747",52.02,0.00111
270,"15.278,19.265","17.987,22.747",49.14,0.0011
275,"15.553,19.618","17.987,22.747",45.92,0.0011
280,"15.828,19.970","17.987,22.747",42.32,0.0011
285,"16.102,20.321","17.987,22.747",38.32,0.00109
290,"16.376,20.673","17.987,22.747",33.88,0.00109
295,"16.650,21.024","17.987,22.747",28.99,0.00108
300,"16.923,21.375","17.987,22.747",23.67,0.00108
305,"17.195,21.726","17.987,22.747",17.96,0.00107
310,"17.467,22.076","17.987,22.747",11.94,0.00107
315,"17.739,22.426","17.987,22.747",5.74,0.00106
320,"18.010,22.776","17.987,22.747",0.52,0.62938
325,"18.280,23.126","17.987,22.747",6.67,0.00105
330,"18.550,23.475","17.987,22.747",12.58,0.00105
335,"18.820,23.824","17.987,22.747",18.16,0.00105
340,"19.089,24.173","17.987,22.747",23.32,0.00104
345,"19.357,24.521","17.987,22.747",28.04,0.00104
350,"19.625,24.869","17.987,22.747",32.32,0.00103
355,"19.893,25.217","17.987,22.747",36.17,0.00103
360,"20.160,25.565","17.987,22.747",39.62,0.00102
365,"20.426,25.912","17.987,22.747",42.71,0.00102
370,"20.692,26.259","17.987,22.747",45.48,0.00101
375,"20.957,26.606","17.987,22.747",47.95,0.00101
380,"21.222,26.952","17.987,22.747",50.18,0.001
385,"21.486,27.298","17.987,22.747",52.18,0.001
390,"21.749,27.643","17.987,22.747",52.18,0
395,"22.012,27.989","17.987,22.747",52.18,0
400,"22.274,28.334","17.987,22.747",52.18,0
405,"22.536,28.678","17.987,22.747",52.18,0
410,"22.797,29.023","17.987,22.747",52.18,0
415,"23.057,29.367","17.987,22.747",52.18,0
420,"23.317,29.710","17.987,22.747",52.18,0
425,"23.576,30.054","17.987,22.747",52.18,0
430,"23.834,30.397","17.987,22.747",52.18,0
435,"24.092,30.739","17.987,22.747",52.18,0
440,"24.349,31.081","17.987,22.747",52.18,0
445,"24.606,31.423","17.987,22.747",52.18,0
450,"24.862,31.765","17.987,22.747",52.18,0
455,"25.117,32.106","17.987,22.747",52.18,0
460,"25.371,32.447","17.987,22.747",52.18,0
465,"25.625,32.787","17.987,22.747",52.18,0
470,"25.878,33.127","17.987,22.747",52.18,0
475,"26.130,33.467","17.987,22.747",52.18,0
480,"26.381,33.806","17.987,22.747",52.18,0
485,"26.632,34.145","17.987,22.747",52.18,0
490,"26.882,34.483","17.987,22.747",52.18,0
495,"27.132,34.821","35.986,47.370",52.18,0
500,"27.380,35.159","35.986,47.370",52.18,0
505,"27.628,35.496","35.986,47.370",52.18,0
510,"27.875,35.833","35.986,47.370",52.18,0
515,"28.121,36.170","35.986,47.370",52.18,0
520,"28.367,36.506","35.986,47.370",52.18,0
525,"28.611,36.842","35.986,47.370",52.18,0
530,"28.855,37.177","35.986,47.370",52.18,0
535,"29.098,37.512","35.986,47.370",52.18,0
540,"29.341,37.846","35.986,47.370",52.18,0
545,"29.582,38.180","35.986,47.370",52.18,0
550,"29.823,38.514","35.986,47.370",52.18,0
555,"30.062,38.847","35.986,47.370",52.18,0
560,"30.301,39.180","35.986,47.370",52.18,0
565,"30.539,39.513","35.986,47.370",52.18,0
570,"30.777,39.844","35.986,47.370",52.18,0
575,"31.013,40.176","35.986,47.370",52.18,0
580,"31.248,40.507","35.986,47.370",52.18,0
585,"31.483,40.838","35.986,47.370",52.18,0
590,"31.717,41.168","35.986,47.370",52.18,0
595,"31.949,41.498","35.986,47.370",52.18,0
600,"32.181,41.827","35.986,47.370",52.18,0
605,"32.412,42.156","35.986,47.370",43.63,0.61795
610,"32.642,42.485","35.986,47.370",41.53,0.00084
615,"32.872,42.813","35.986,47.370",39.32,0.00083
620,"33.100,43.140","35.986,47.370",37,0.00083
625,"33.327,43.468","35.986,47.370",34.58,0.00082
630,"33.553,43.794","35.986,47.370",32.06,0.00082
635,"33.779,44.121","35.986,47.370",29.44,0.00081
640,"34.003,44.446","35.986,47.370",26.72,0.00081
645,"34.227,44.772","35.986,47.370",23.92,0.0008
650,"34.449,45.097","35.986,47.370",21.04,0.0008
655,"34.670,45.421","35.986,47.370",18.11,0.00079
660,"34.891,45.745","35.986,47.370",15.13,0.00079
665,"35.110,46.069","35.986,47.370",12.12,0.00078
670,"35.329,46.392","35.986,47.370",9.09,0.00078
675,"35.546,46.714","35.986,47.370",6.07,0.00077
680,"35.763,47.036","35.986,47.370",3.07,0.00077
685,"35.978,47.358","35.986,47.370",0.11,0.00076
690,"36.193,47.679","35.986,47.370",2.8,0.62908
695,"36.406,48.000","35.986,47.370",5.64,0.00075
700,"36.618,48.320","35.986,47.370",8.4,0.00075
705,"36.829,48.640","35.986,47.370",11.07,0.00074
710,"37.040,48.960","35.986,47.370",13.64,0.00074
715,"37.249,49.278","35.986,47.370",16.12,0.00073
720,"37.457,49.597","35.986,47.370",18.48,0.00073
725,"37.664,49.915","35.986,47.370",20.75,0.00072
730,"37.869,50.232","35.986,47.370",22.9,0.00072
735,"38.074,50.549","35.986,47.370",24.95,0.00071
740,"38.278,50.866","35.986,47.370",26.9,0.00071
745,"38.480,51.181","35.986,47.370",28.74,0.0007
750,"38.682,51.497","35.986,47.370",30.49,0.0007
755,"38.882,51.812","35.986,47.370",32.15,0.00069
760,"39.081,52.127","35.986,47.370",33.72,1.25595
765,"39.279,52.441","35.986,47.370",35.2,0.00068
770,"39.476,52.754","35.986,47.370",36.6,0.00068
775,"39.671,53.067","35.986,47.370",37.93,0.00067
780,"39.866,53.380","35.986,47.370",37.93,0
785,"40.059,53.692","35.986,47.370",37.93,0
790,"40.251,54.004","35.986,47.370",37.93,0
795,"40.442,54.315","35.986,47.370",37.93,0
800,"40.632,54.625","35.986,47.370",37.93,0
805,"40.820,54.935","35.986,47.370",37.93,0
810,"41.007,55.245","35.986,47.370",37.93,0
815,"41.194,55.554","35.986,47.370",37.93,0
820,"41.378,55.863","35.986,47.370",37.93,0
825,"41.562,56.171","35.986,47.370",37.93,0
830,"41.744,56.479","35.986,47.370",37.93,0
835,"41.925,56.786","35.986,47.370",37.93,0
840,"42.105,57.093","35.986,47.370",37.93,0
845,"42.284,57.399","35.986,47.370",37.93,0
850,"42.461,57.705","35.986,47.370",37.93,0
855,"42.637,58.010","35.986,47.370",37.93,0
860,"42.812,58.314","35.986,47.370",37.93,0
865,"42.985,58.619","35.986,47.370",37.93,0
870,"43.157,58.922","35.986,47.370",37.93,0
875,"43.328,59.226","35.986,47.370",37.93,0
880,"43.498,59.528","35.986,47.370",37.93,0
885,"43.666,59.830","35.986,47.370",37.93,0
890,"43.833,60.132","35.986,47.370",37.93,0
895,"43.998,60.433","35.986,47.370",37.93,0
900,"44.163,60.734","35.986,47.370",37.93,0
905,"44.325,61.034","35.986,47.370",37.93,0
910,"44.487,61.334","35.986,47.370",37.93,0
915,"44.647,61.633","35.986,47.370",37.93,0
920,"44.806,61.932","35.986,47.370",37.93,0
925,"44.963,62.230","52.006,80.670",37.93,0
930,"45.119,62.528","52.006,80.670",37.93,0
935,"45.274,62.825","52.006,80.670",37.93,0
940,"45.427,63.122","52.006,80.670",37.93,0
945,"45.579,63.418","52.006,80.670",37.93,0
950,"45.729,63.713","52.006,80.670",37.93,0
955,"45.878,64.009","52.006,80.670",37.93,0
960,"46.026,64.303","52.006,80.670",37.93,0
965,"46.172,64.598","52.006,80.670",37.93,0
970,"46.317,64.891","52.006,80.670",37.93,0
975,"46.460,65.184","52.006,80.670",37.93,0
980,"46.602,65.477","52.006,80.670",37.93,0
985,"46.742,65.769","52.006,80.670",37.93,0
990,"46.881,66.061","52.006,80.670",37.93,0
995,"47.018,66.352","52.006,80.670",37.93,0
1000,"47.154,66.643","52.006,80.670",37.93,0
1005,"47.289,66.933","52.006,80.670",37.93,0
1010,"47.422,67.223","52.006,80.670",37.93,0
1015,"47.553,67.512","52.006,80.670",37.93,0
1020,"47.683,67.800","52.006,80.670",37.93,0
1025,"47.812,68.089","52.006,80.670",37.93,0
1030,"47.939,68.376","52.006,80.670",37.93,0
1035,"48.064,68.663","52.006,80.670",37.93,0
1040,"48.188,68.950","52.006,80.670",37.93,0
1045,"48.311,69.236","52.006,80.670",37.93,0
1050,"48.432,69.522","52.006,80.670",37.93,0
1055,"48.551,69.807","52.006,80.670",37.93,0
1060,"48.669,70.092","52.006,80.670",37.93,0
1065,"48.785,70.376","52.006,80.670",37.93,0
1070,"48.900,70.660","52.006,80.670",37.93,0
1075,"49.014,70.943","52.006,80.670",37.93,0
1080,"49.125,71.226","52.006,80.670",37.93,0
1085,"49.235,71.508","52.006,80.670",37.93,0
1090,"49.344,71.789","52.006,80.670",37.93,0
1095,"49.451,72.071","52.006,80.670",37.93,0
1100,"49.557,72.351","52.006,80.670",27.58,0.59654
1105,"49.660,72.632","52.006,80.670",26.6,0.00001
1110,"49.763,72.911","52.006,80.670",25.62,0
1115,"49.864,73.191","52.006,80.670",24.64,0.00001
1120,"49.963,73.469","52.006,80.670",23.66,0.00002
1125,"50.060,73.748","52.006,80.670",22.69,0.00003
1130,"50.156,74.025","52.006,80.670",21.71,0.00003
1135,"50.251,74.303","52.006,80.670",20.74,0.00004
1140,"50.343,74.579","52.006,80.670",19.77,0.00005
1145,"50.435,74.856","52.006,80.670",18.8,0.00006
1150,"50.524,75.131","52.006,80.670",17.84,0.00007
1155,"50.612,75.407","52.006,80.670",16.89,0.00008
1160,"50.699,75.682","52.006,80.670",15.94,0.00008
1165,"50.784,75.956","52.006,80.670",15,0.00009
1170,"50.867,76.230","52.006,80.670",14.06,0.0001
1175,"50.948,76.503","52.006,80.670",13.13,0.00011
1180,"51.028,76.776","52.006,80.670",12.21,0.00012
1185,"51.107,77.048","52.006,80.670",11.3,0.00012
1190,"51.184,77.320","52.006,80.670",10.39,0.00013
1195,"51.259,77.592","52.006,80.670",9.5,0.00014
1200,"51.332,77.863","52.006,80.670",8.62,0.00015
1205,"51.404,78.133","52.006,80.670",7.74,0.00015
1210,"51.475,78.403","52.006,80.670",6.88,0.00016
1215,"51.543,78.673","52.006,80.670",6.02,0.00017
1220,"51.610,78.942","52.006,80.670",5.18,0.00018
1225,"51.676,79.210","52.006,80.670",4.35,0.00018
1230,"51.740,79.479","52.006,80.670",3.53,0.00019
1235,"51.802,79.746","52.006,80.670",2.72,0.0002
1240,"51.863,80.013","52.006,80.670",1.92,0.0002
1245,"51.922,80.280","52.006,80.670",1.13,0.00021
1250,"51.979,80.546","52.006,80.670",0.36,0.00022
1255,"52.035,80.812","52.006,80.670",0.41,0.62854
1260,"52.089,81.077","52.006,80.670",1.16,0.00023
1265,"52.142,81.342","52.006,80.670",1.9,0.00024
1270,"52.193,81.606","52.006,80.670",2.63,0.00025
1275,"52.242,81.870","52.006,80.670",3.34,0.00025
1280,"52.290,82.133","52.006,80.670",4.05,0.00026
1285,"52.337,82.396","52.006,80.670",4.74,0.00026
1290,"52.381,82.659","52.006,80.670",5.42,0.00027
1295,"52.424,82.921","52.006,80.670",6.09,0.00028
1300,"52.466,83.182","52.006,80.670",6.75,0.00028
1305,"52.506,83.443","52.006,80.670",7.4,0.00029
1310,"52.544,83.704","52.006,80.670",8.04,0.00029
1315,"52.581,83.964","52.006,80.670",8.66,0.0003
1320,"52.616,84.224","52.006,80.670",9.28,0.0003
1325,"52.649,84.483","52.006,80.670",9.88,0.00031
1330,"52.681,84.742","52.006,80.670",10.47,0.00031
1335,"52.712,85.000","52.006,80.670",11.06,0.00032
1340,"52.741,85.258","52.006,80.670",11.63,0.00032
1345,"52.768,85.515","52.006,80.670",12.19,0.00033
1350,"52.794,85.772","52.006,80.670",12.75,0.00033
1355,"52.818,86.029","52.006,80.670",13.29,0.00034
1360,"52.841,86.285","52.006,80.670",13.82,0.00034
1365,"52.862,86.540","52.006,80.670",14.35,0.00034
1370,"52.881,86.796","52.006,80.670",14.86,0.00035
1375,"52.899,87.050","52.006,80.670",15.37,0.00035
1380,"52.916,87.305","52.006,80.670",15.87,0.00036
1385,"52.931,87.558","52.006,80.670",16.36,0.00036
1390,"52.945,87.812","52.006,80.670",16.84,0.00036
1395,"52.957,88.065","52.006,80.670",17.31,0.00037
1400,"52.967,88.317","52.006,80.670",17.77,0.00037
1405,"52.976,88.569","52.006,80.670",18.23,0.00037
1410,"52.984,88.821","52.006,80.670",18.68,0.00037
1415,"52.990,89.072","52.006,80.670",19.12,0.00038
1420,"52.995,89.323","52.006,80.670",19.56,0.00038
1425,"52.998,89.573","52.006,80.670",19.98,0.00038
1430,"53.000,89.823","52.006,80.670",20.4,0.00038
1435,"53.000,90.072","52.006,80.670",20.82,0.00039
1440,"52.999,90.321","52.006,80.670",20.82,0
1445,"52.996,90.570","52.006,80.670",20.82,0
1450,"52.992,90.818","52.006,80.670",20.82,0
1455,"52.987,91.065","52.006,80.670",20.82,0
1460,"52.980,91.313","52.006,80.670",20.82,0
1465,"52.972,91.559","52.006,80.670",20.82,0
1470,"52.962,91.806","52.006,80.670",20.82,0
1475,"52.951,92.052","52.006,80.670",20.82,0
1480,"52.939,92.297","52.006,80.670",20.82,0
1485,"52.925,92.543","52.006,80.670",20.82,0
1490,"52.910,92.787","52.006,80.670",20.82,0
1495,"52.894,93.032","52.006,80.670",20.82,0
1500,"52.876,93.275","52.006,80.670",20.82,0
1505,"52.857,93.519","52.006,80.670",20.82,0
1510,"52.836,93.762","52.006,80.670",20.82,0
1515,"52.815,94.004","52.006,80.670",20.82,0
1520,"52.792,94.247","52.006,80.670",20.82,0
1525,"52.767,94.488","52.006,80.670",20.82,0
1530,"52.742,94.730","52.006,80.670",20.82,0
1535,"52.715,94.971","52.006,80.670",20.82,0
1540,"52.687,95.211","52.006,80.670",20.82,0
1545,"52.657,95.451","52.006,80.670",20.82,0
1550,"52.627,95.691","52.006,80.670",20.82,0
1555,"52.595,95.930","52.006,80.670",20.82,0
1560,"52.562,96.169","52.006,80.670",20.82,0
1565,"52.528,96.408","52.006,80.670",20.82,0
1570,"52.492,96.646","52.006,80.670",20.82,0
1575,"52.455,96.884","52.006,80.670",20.82,0
1580,"52.417,97.121","52.006,80.670",20.82,0
1585,"52.378,97.358","52.006,80.670",20.82,0
1590,"52.338,97.594","52.006,80.670",20.82,0
1595,"52.297,97.831","52.006,80.670",20.82,0
1600,"52.254,98.066","52.006,80.670",20.82,0
1605,"52.210,98.302","52.006,80.670",20.82,0
1610,"52.166,98.536","52.006,80.670",20.82,0
1615,"52.120,98.771","52.006,80.670",20.82,0
1620,"52.073,99.005","52.006,80.670",20.82,0
1625,"52.025,99.239","52.006,80.670",20.82,0
1630,"51.975,99.472","52.006,80.670",20.82,0
1635,"51.925,99.705","52.006,80.670",20.82,0
1640,"51.874,99.938","52.006,80.670",20.82,0
1645,"51.821,100.170","52.006,80.670",20.82,0
1650,"51.768,100.402","52.006,80.670",20.82,0
1655,"51.713,100.633","52.006,80.670",20.82,0
1660,"51.658,100.864","52.006,80.670",20.82,0
1665,"51.601,101.095","52.006,80.670",20.82,0
1670,"51.544,101.325","52.006,80.670",20.82,0
1675,"51.485,101.555","52.006,80.670",20.82,0
1680,"51.426,101.785","52.006,80.670",20.82,0
1685,"51.365,102.014","52.006,80.670",20.82,0
1690,"51.304,102.243","52.006,80.670",20.82,0
1695,"51.241,102.471","52.006,80.670",20.82,0
1700,"51.178,102.699","52.006,80.670",20.82,0
1705,"51.114,102.927","52.006,80.670",20.82,0
1710,"51.049,103.154","52.006,80.670",20.82,0
1715,"50.983,103.381","52.006,80.670",20.82,0
1720,"50.915,103.608","43.198,121.005",20.82,0
1725,"50.848,103.834","43.198,121.005",20.82,0
1730,"50.779,104.060","43.198,121.005",20.82,0
1735,"50.709,104.285","43.198,121.005",20.82,0
1740,"50.639,104.511","43.198,121.005",20.82,0
1745,"50.567,104.735","43.198,121.005",20.82,0
1750,"50.495,104.960","43.198,121.005",20.82,0
1755,"50.422,105.184","43.198,121.005",20.82,0
1760,"50.348,105.408","43.198,121.005",20.82,0
1765,"50.273,105.631","43.198,121.005",20.82,0
1770,"50.198,105.854","43.198,121.005",20.82,0
1775,"50.121,106.076","43.198,121.005",20.82,0
1780,"50.044,106.299","43.198,121.005",20.82,0
1785,"49.966,106.521","43.198,121.005",20.82,0
1790,"49.888,106.742","43.198,121.005",20.82,0
1795,"49.808,106.964","43.198,121.005",20.82,0
1800,"49.728,107.184","43.198,121.005",20.82,0
1805,"49.647,107.405","43.198,121.005",20.82,0
1810,"49.565,107.625","43.198,121.005",20.82,0
1815,"49.483,107.845","43.198,121.005",20.82,0
1820,"49.400,108.065","43.198,121.005",20.82,0
1825,"49.316,108.284","43.198,121.005",20.82,0
1830,"49.231,108.503","43.198,121.005",20.82,0
1835,"49.146,108.721","43.198,121.005",20.82,0
1840,"49.060,108.939","43.198,121.005",20.82,0
1845,"48.974,109.157","43.198,121.005",20.82,0
1850,"48.887,109.375","43.198,121.005",20.82,0
1855,"48.799,109.592","43.198,121.005",20.82,0
1860,"48.710,109.809","43.198,121.005",20.82,0
1865,"48.621,110.025","43.198,121.005",20.82,0
1870,"48.531,110.241","43.198,121.005",20.82,0
1875,"48.441,110.457","43.198,121.005",20.82,0
1880,"48.350,110.673","43.198,121.005",20.82,0
1885,"48.258,110.888","43.198,121.005",20.82,0
1890,"48.166,111.103","43.198,121.005",20.82,0
1895,"48.073,111.317","43.198,121.005",20.82,0
1900,"47.979,111.531","43.198,121.005",20.82,0
1905,"47.885,111.745","43.198,121.005",20.82,0
1910,"47.791,111.959","43.198,121.005",20.82,0
1915,"47.696,112.172","43.198,121.005",20.82,0
1920,"47.600,112.385","43.198,121.005",20.82,0
1925,"47.504,112.598","43.198,121.005",20.82,0
1930,"47.407,112.810","43.198,121.005",20.82,0
1935,"47.310,113.022","43.198,121.005",20.82,0
1940,"47.212,113.234","43.198,121.005",20.82,0
1945,"47.113,113.445","43.198,121.005",20.82,0
1950,"47.014,113.656","43.198,121.005",20.82,0
1955,"46.915,113.867","43.198,121.005",20.82,0
1960,"46.815,114.077","43.198,121.005",20.82,0
1965,"46.715,114.287","43.198,121.005",20.82,0
1970,"46.614,114.497","43.198,121.005",14.73,0.48835
1975,"46.513,114.707","43.198,121.005",14.26,0.00029
1980,"46.411,114.916","43.198,121.005",13.79,0.0003
1985,"46.309,115.125","43.198,121.005",13.32,0.0003
1990,"46.206,115.334","43.198,121.005",12.85,0.0003
1995,"46.103,115.542","43.198,121.005",12.38,0.0003
2000,"45.999,115.750","43.198,121.005",11.91,0.0003
2005,"45.895,115.958","43.198,121.005",11.44,0.00031
2010,"45.791,116.165","43.198,121.005",10.97,0.00031
2015,"45.686,116.372","43.198,121.005",10.5,0.00031
2020,"45.580,116.579","43.198,121.005",10.03,0.00031
2025,"45.475,116.786","43.198,121.005",9.56,0.00032
2030,"45.369,116.992","43.198,121.005",9.09,0.00032
2035,"45.262,117.198","43.198,121.005",8.62,0.00032
2040,"45.155,117.403","43.198,121.005",8.15,0.00032
2045,"45.048,117.609","43.198,121.005",7.69,0.00032
2050,"44.940,117.814","43.198,121.005",7.22,0.00033
2055,"44.832,118.019","43.198,121.005",6.76,0.00033
2060,"44.724,118.223","43.198,121.005",6.29,0.00033
2065,"44.615,118.428","43.198,121.005",5.83,0.00033
2070,"44.506,118.631","43.198,121.005",5.36,0.00034
2075,"44.396,118.835","43.198,121.005",4.9,0.00034
2080,"44.286,119.039","43.198,121.005",4.44,0.00034
2085,"44.176,119.242","43.198,121.005",3.98,0.00034
2090,"44.065,119.445","43.198,121.005",3.52,0.00034
2095,"43.954,119.647","43.198,121.005",3.06,0.00034
2100,"43.843,119.849","43.198,121.005",2.6,0.00035
2105,"43.732,120.051","43.198,121.005",2.14,0.00035
2110,"43.620,120.253","43.198,121.005",1.69,0.00035
2115,"43.507,120.455","43.198,121.005",1.24,0.00035
2120,"43.395,120.656","43.198,121.005",0.78,0.00035
2125,"43.282,120.857","43.198,121.005",0.33,0.00036
2130,"43.169,121.057","43.198,121.005",0.12,0.62868
2135,"43.056,121.258","43.198,121.005",0.56,0.00036
2140,"42.942,121.458","43.198,121.005",1.01,0.00036
2145,"42.828,121.658","43.198,121.005",1.46,0.00036
2150,"42.714,121.857","43.198,121.005",1.9,0.00036
2155,"42.599,122.057","43.198,121.005",2.34,0.00037
2160,"42.484,122.256","43.198,121.005",2.78,0.00037
2165,"42.369,122.454","43.198,121.005",3.22,0.00037
2170,"42.254,122.653","43.198,121.005",3.66,0.00037
2175,"42.138,122.851","43.198,121.005",4.09,0.00037
2180,"42.022,123.049","43.198,121.005",4.52,0.00037
2185,"41.906,123.247","43.198,121.005",4.95,0.00038
2190,"41.790,123.445","43.198,121.005",5.38,0.00038
2195,"41.673,123.642","43.198,121.005",5.81,0.00038
2200,"41.556,123.839","43.198,121.005",6.24,0.00038
2205,"41.439,124.036","43.198,121.005",6.66,0.00038
2210,"41.322,124.232","43.198,121.005",7.08,0.00038
2215,"41.204,124.428","43.198,121.005",7.5,0.00039
2220,"41.086,124.624","43.198,121.005",7.92,0.00039
2225,"40.968,124.820","43.198,121.005",8.33,0.00039
2230,"40.850,125.016","43.198,121.005",8.74,0.00039
2235,"40.731,125.211","43.198,121.005",9.15,0.00039
2240,"40.613,125.406","43.198,121.005",9.56,0.00039
2245,"40.494,125.601","43.198,121.005",9.97,0.00039
2250,"40.375,125.795","43.198,121.005",10.37,0.0004
2255,"40.255,125.989","43.198,121.005",10.77,0.0004
2260,"40.136,126.183","43.198,121.005",11.17,0.0004
2265,"40.016,126.377","43.198,121.005",11.57,0.0004
2270,"39.896,126.571","43.198,121.005",11.97,0.0004
2275,"39.776,126.764","43.198,121.005",12.36,0.0004
2280,"39.656,126.957","43.198,121.005",12.75,0.0004
2285,"39.536,127.150","43.198,121.005",12.75,0
2290,"39.415,127.343","43.198,121.005",12.75,0
2295,"39.294,127.535","43.198,121.005",12.75,0
2300,"39.173,127.727","43.198,121.005",12.75,0
2305,"39.052,127.919","43.198,121.005",12.75,0
2310,"38.931,128.111","43.198,121.005",12.75,0
2315,"38.809,128.302","43.198,121.005",12.75,0
2320,"38.688,128.493","43.198,121.005",12.75,0
2325,"38.566,128.684","43.198,121.005",12.75,0
2330,"38.444,128.875","43.198,121.005",12.75,0
2335,"38.322,129.066","43.198,121.005",12.75,0
2340,"38.200,129.256","43.198,121.005",12.75,0
2345,"38.077,129.446","43.198,121.005",12.75,0
2350,"37.955,129.636","43.198,121.005",12.75,0
2355,"37.832,129.826","43.198,121.005",12.75,0
2360,"37.709,130.015","43.198,121.005",12.75,0
2365,"37.586,130.204","43.198,121.005",12.75,0
2370,"37.463,130.393","43.198,121.005",12.75,0
2375,"37.340,130.582","43.198,121.005",12.75,0
2380,"37.217,130.771","43.198,121.005",12.75,0
2385,"37.093,130.959","43.198,121.005",12.75,0
2390,"36.970,131.147","43.198,121.005",12.75,0
2395,"36.846,131.335","43.198,121.005",12.75,0
2400,"36.722,131.523","43.198,121.005",12.75,0
2405,"36.598,131.710","43.198,121.005",12.75,0
2410,"36.474,131.897","43.198,121.005",12.75,0
2415,"36.350,132.084","43.198,121.005",12.75,0
2420,"36.226,132.271","43.198,121.005",12.75,0
2425,"36.101,132.458","43.198,121.005",12.75,0
2430,"35.977,132.644","43.198,121.005",12.75,0
2435,"35.852,132.831","43.198,121.005",12.75,0
2440,"35.727,133.017","43.198,121.005",12.75,0
2445,"35.602,133.202","43.198,121.005",12.75,0
2450,"35.477,133.388","43.198,121.005",12.75,0
2455,"35.352,133.573","43.198,121.005",12.75,0
2460,"35.227,133.759","43.198,121.005",12.75,0
2465,"35.102,133.944","43.198,121.005",12.75,0
2470,"34.977,134.129","43.198,121.005",12.75,0
2475,"34.851,134.313","43.198,121.005",12.75,0
2480,"34.726,134.498","43.198,121.005",12.75,0
2485,"34.600,134.682","43.198,121.005",12.75,0
2490,"34.475,134.866","43.198,121.005",12.75,0
2495,"34.349,135.050","43.198,121.005",12.75,0
2500,"34.223,135.233","43.198,121.005",12.75,0
2505,"34.097,135.417","25.057,147.973",12.75,0
2510,"33.971,135.600","25.057,147.973",12.75,0
2515,"33.845,135.783","25.057,147.973",12.75,0
2520,"33.719,135.966","25.057,147.973",12.75,0
2525,"33.593,136.149","25.057,147.973",12.75,0
2530,"33.467,136.331","25.057,147.973",12.75,0
2535,"33.340,136.513","25.057,147.973",12.75,0
2540,"33.214,136.695","25.057,147.973",12.75,0
2545,"33.087,136.877","25.057,147.973",12.75,0
2550,"32.961,137.059","25.057,147.973",12.75,0
2555,"32.834,137.241","25.057,147.973",12.75,0
2560,"32.708,137.422","25.057,147.973",12.75,0
2565,"32.581,137.603","25.057,147.973",12.75,0
2570,"32.454,137.784","25.057,147.973",12.75,0
2575,"32.327,137.965","25.057,147.973",12.75,0
2580,"32.200,138.146","25.057,147.973",12.75,0
2585,"32.073,138.326","25.057,147.973",12.75,0
2590,"31.946,138.507","25.057,147.973",12.75,0
2595,"31.819,138.687","25.057,147.973",12.75,0
2600,"31.692,138.867","25.057,147.973",12.75,0
2605,"31.565,139.046","25.057,147.973",12.75,0
2610,"31.438,139.226","25.057,147.973",12.75,0
2615,"31.310,139.405","25.057,147.973",12.75,0
2620,"31.183,139.585","25.057,147.973",12.75,0
2625,"31.056,139.764","25.057,147.973",12.75,0
2630,"30.928,139.943","25.057,147.973",12.75,0
2635,"30.801,140.121","25.057,147.973",12.75,0
2640,"30.673,140.300","25.057,147.973",12.75,0
2645,"30.546,140.478","25.057,147.973",12.75,0
2650,"30.418,140.657","25.057,147.973",12.75,0
2655,"30.291,140.835","25.057,147.973",12.75,0
2660,"30.163,141.013","25.057,147.973",12.75,0
2665,"30.035,141.190","25.057,147.973",12.75,0
2670,"29.908,141.368","25.057,147.973",12.75,0
2675,"29.780,141.545","25.057,147.973",12.75,0
2680,"29.652,141.723","25.057,147.973",12.75,0
2685,"29.524,141.900","25.057,147.973",12.75,0
2690,"29.396,142.077","25.057,147.973",12.75,0
2695,"29.268,142.253","25.057,147.973",12.75,0
2700,"29.140,142.430","25.057,147.973",12.75,0
2705,"29.012,142.606","25.057,147.973",12.75,0
2710,"28.885,142.783","25.057,147.973",12.75,0
2715,"28.756,142.959","25.057,147.973",11.3,0.63571
2720,"28.628,143.135","25.057,147.973",10.9,0.00047
2725,"28.500,143.311","25.057,147.973",10.51,0.00047
2730,"28.372,143.486","25.057,147.973",10.11,0.00047
2735,"28.244,143.662","25.057,147.973",9.72,0.00047
2740,"28.116,143.837","25.057,147.973",9.32,0.00047
2745,"27.988,144.013","25.057,147.973",8.93,0.00047
2750,"27.860,144.188","25.057,147.973",8.53,0.00047
2755,"27.731,144.363","25.057,147.973",8.14,0.00047
2760,"27.603,144.537","25.057,147.973",7.74,0.00047
2765,"27.475,144.712","25.057,147.973",7.35,0.00047
2770,"27.347,144.886","25.057,147.973",6.96,0.00047
2775,"27.218,145.061","25.057,147.973",6.56,0.00047
2780,"27.090,145.235","25.057,147.973",6.17,0.00047
2785,"26.962,145.409","25.057,147.973",5.77,0.00048
2790,"26.833,145.583","25.057,147.973",5.38,0.00048
2795,"26.705,145.757","25.057,147.973",4.99,0.00048
2800,"26.577,145.930","25.057,147.973",4.6,0.00048
2805,"26.448,146.104","25.057,147.973",4.21,0.00048
2810,"26.320,146.277","25.057,147.973",3.81,0.00048
2815,"26.192,146.450","25.057,147.973",3.42,0.00048
2820,"26.063,146.623","25.057,147.973",3.03,0.00048
2825,"25.935,146.796","25.057,147.973",2.64,0.00048
2830,"25.806,146.969","25.057,147.973",2.25,0.00048
2835,"25.678,147.142","25.057,147.973",1.87,0.00048
2840,"25.549,147.314","25.057,147.973",1.48,0.00048
2845,"25.421,147.487","25.057,147.973",1.09,0.00048
2850,"25.292,147.659","25.057,147.973",0.7,0.00048
2855,"25.164,147.831","25.057,147.973",0.32,0.00048
2860,"25.035,148.003","25.057,147.973",0.07,0.62783
2865,"24.907,148.175","25.057,147.973",0.45,0.00048
2870,"24.778,148.347","25.057,147.973",0.83,0.00048
2875,"24.650,148.518","25.057,147.973",1.22,0.00049
2880,"24.521,148.690","25.057,147.973",1.6,0.00049
2885,"24.393,148.861","25.057,147.973",1.98,0.00049
2890,"24.264,149.032","25.057,147.973",2.36,0.00049
2895,"24.136,149.203","25.057,147.973",2.74,0.00049
2900,"24.007,149.374","25.057,147.973",3.12,0.00049
2905,"23.878,149.545","25.057,147.973",3.49,0.00049
2910,"23.750,149.716","25.057,147.973",3.87,0.00049
2915,"23.621,149.886","25.057,147.973",4.24,0.00049
2920,"23.493,150.057","25.057,147.973",4.62,0.00049
2925,"23.364,150.227","25.057,147.973",4.99,0.00049
2930,"23.236,150.397","25.057,147.973",5.36,0.00049
2935,"23.107,150.567","25.057,147.973",5.73,0.00049
2940,"22.978,150.737","25.057,147.973",6.1,0.00049
2945,"22.850,150.907","25.057,147.973",6.47,0.00049
2950,"22.721,151.077","25.057,147.973",6.84,0.00049
2955,"22.593,151.246","25.057,147.973",7.2,0.00049
2960,"22.464,151.416","25.057,147.973",7.57,0.00049
2965,"22.336,151.585","25.057,147.973",7.93,0.0005
2970,"22.207,151.755","25.057,147.973",8.29,0.0005
2975,"22.078,151.924","25.057,147.973",8.65,0.0005
2980,"21.950,152.093","25.057,147.973",9.01,0.0005
2985,"21.821,152.262","25.057,147.973",9.37,0.0005
2990,"21.693,152.430","25.057,147.973",9.73,0.0005
2995,"21.564,152.599","25.057,147.973",10.08,0.0005
3000,"21.436,152.768","25.057,147.973",10.44,0.0005
3005,"21.307,152.936","25.057,147.973",10.44,0
3010,"21.178,153.105","25.057,147.973",10.44,0
3015,"21.050,153.273","25.057,147.973",10.44,0
3020,"20.921,153.441","25.057,147.973",10.44,0
3025,"20.793,153.609","25.057,147.973",10.44,0
3030,"20.664,153.777","25.057,147.973",10.44,0
3035,"20.536,153.945","25.057,147.973",10.44,0
3040,"20.407,154.112","25.057,147.973",10.44,0
3045,"20.279,154.280","25.057,147.973",10.44,0
3050,"20.150,154.448","25.057,147.973",10.44,0
3055,"20.022,154.615","25.057,147.973",10.44,0
3060,"19.893,154.782","25.057,147.973",10.44,0
3065,"19.765,154.950","25.057,147.973",10.44,0
3070,"19.636,155.117","25.057,147.973",10.44,0
3075,"19.508,155.284","25.057,147.973",10.44,0
3080,"19.379,155.451","25.057,147.973",10.44,0
3085,"19.251,155.617","25.057,147.973",10.44,0
3090,"19.122,155.784","25.057,147.973",10.44,0
3095,"18.994,155.951","25.057,147.973",10.44,0
3100,"18.865,156.117","25.057,147.973",10.44,0
3105,"18.737,156.284","25.057,147.973",10.44,0
3110,"18.608,156.450","25.057,147.973",10.44,0
3115,"18.480,156.616","25.057,147.973",10.44,0
3120,"18.351,156.782","25.057,147.973",10.44,0
3125,"18.223,156.948","25.057,147.973",10.44,0
3130,"18.095,157.114","25.057,147.973",10.44,0
3135,"17.966,157.280","25.057,147.973",10.44,0
3140,"17.838,157.446","25.057,147.973",10.44,0
3145,"17.709,157.612","25.057,147.973",10.44,0
3150,"17.581,157.777","25.057,147.973",10.44,0
3155,"17.453,157.943","25.057,147.973",10.44,0
3160,"17.324,158.108","25.057,147.973",10.44,0
3165,"17.196,158.273","25.057,147.973",10.44,0
3170,"17.067,158.439","25.057,147.973",10.44,0
3175,"16.939,158.604","25.057,147.973",10.44,0
3180,"16.811,158.769","25.057,147.973",10.44,0
3185,"16.682,158.934","25.057,147.973",10.44,0
3190,"16.554,159.099","25.057,147.973",10.44,0
3195,"16.426,159.264","25.057,147.973",10.44,0
3200,"16.297,159.428","25.057,147.973",10.44,0
3205,"16.169,159.593","25.057,147.973",10.44,0
3210,"16.041,159.757","7.213,170.955",10.44,0
3215,"15.913,159.922","7.213,170.955",10.44,0
3220,"15.784,160.086","7.213,170.955",10.44,0
3225,"15.656,160.251","7.213,170.955",10.44,0
3230,"15.528,160.415","7.213,170.955",10.44,0
3235,"15.400,160.579","7.213,170.955",10.44,0
3240,"15.271,160.743","7.213,170.955",10.44,0
3245,"15.143,160.907","7.213,170.955",10.44,0
3250,"15.015,161.071","7.213,170.955",10.44,0
3255,"14.887,161.235","7.213,170.955",10.44,0
3260,"14.759,161.399","7.213,170.955",10.44,0
3265,"14.630,161.563","7.213,170.955",10.44,0
3270,"14.502,161.726","7.213,170.955",10.44,0
3275,"14.374,161.890","7.213,170.955",10.44,0
3280,"14.246,162.053","7.213,170.955",10.44,0
3285,"14.118,162.217","7.213,170.955",10.44,0
3290,"13.990,162.380","7.213,170.955",10.44,0
3295,"13.862,162.543","7.213,170.955",10.44,0
3300,"13.734,162.707","7.213,170.955",10.44,0
3305,"13.605,162.870","7.213,170.955",10.44,0
3310,"13.477,163.033","7.213,170.955",10.44,0
3315,"13.349,163.196","7.213,170.955",10.44,0
3320,"13.221,163.359","7.213,170.955",10.44,0
3325,"13.093,163.522","7.213,170.955",10.44,0
3330,"12.965,163.684","7.213,170.955",10.44,0
3335,"12.837,163.847","7.213,170.955",10.44,0
3340,"12.709,164.010","7.213,170.955",10.44,0
3345,"12.581,164.173","7.213,170.955",10.44,0
3350,"12.453,164.335","7.213,170.955",10.44,0
3355,"12.325,164.498","7.213,170.955",10.44,0
3360,"12.197,164.660","7.213,170.955",10.44,0
3365,"12.069,164.822","7.213,170.955",10.44,0
3370,"11.941,164.985","7.213,170.955",10.44,0
3375,"11.813,165.147","7.213,170.955",10.44,0
3380,"11.685,165.309","7.213,170.955",10.44,0
3385,"11.557,165.471","7.213,170.955",10.44,0
3390,"11.429,165.634","7.213,170.955",10.44,0
3395,"11.301,165.796","7.213,170.955",10.44,0
3400,"11.174,165.958","7.213,170.955",10.44,0
3405,"11.046,166.119","7.213,170.955",10.44,0
3410,"10.918,166.281","7.213,170.955",10.44,0
3415,"10.790,166.443","7.213,170.955",9.89,0.63576
3420,"10.662,166.605","7.213,170.955",9.54,0.00051
3425,"10.534,166.767","7.213,170.955",9.19,0.00051
3430,"10.406,166.928","7.213,170.955",8.84,0.00051
3435,"10.278,167.090","7.213,170.955",8.48,0.00052
3440,"10.151,167.251","7.213,170.955",8.13,0.00052
3445,"10.023,167.413","7.213,170.955",7.78,0.00052
3450,"9.895,167.574","7.213,170.955",7.43,0.00052
3455,"9.767,167.736","7.213,170.955",7.08,0.00052
3460,"9.639,167.897","7.213,170.955",6.72,0.00052
3465,"9.512,168.059","7.213,170.955",6.37,0.00052
3470,"9.384,168.220","7.213,170.955",6.02,0.00052
3475,"9.256,168.381","7.213,170.955",5.66,0.00052
3480,"9.128,168.542","7.213,170.955",5.31,0.00052
3485,"9.001,168.703","7.213,170.955",4.95,0.00052
3490,"8.873,168.864","7.213,170.955",4.6,0.00052
3495,"8.745,169.025","7.213,170.955",4.25,0.00052
3500,"8.617,169.186","7.213,170.955",3.89,0.00052
3505,"8.490,169.347","7.213,170.955",3.54,0.00052
3510,"8.362,169.508","7.213,170.955",3.18,0.00052
3515,"8.234,169.669","7.213,170.955",2.83,0.00053
3520,"8.107,169.830","7.213,170.955",2.48,0.00053
3525,"7.979,169.991","7.213,170.955",2.12,0.00053
3530,"7.851,170.152","7.213,170.955",1.77,0.00053
3535,"7.723,170.312","7.213,170.955",1.41,0.00053
3540,"7.596,170.473","7.213,170.955",1.06,0.00053
3545,"7.468,170.634","7.213,170.955",0.71,0.00053
3550,"7.340,170.794","7.213,170.955",0.35,0.00053
3555,"7.213,170.955","7.213,170.955",0,0.00053
3560,"7.085,171.115","7.213,170.955",0.35,0.62779
3565,"6.958,171.276","7.213,170.955",0.71,0.00053
3570,"6.830,171.436","7.213,170.955",1.06,0.00053
3575,"6.702,171.597","7.213,170.955",1.41,0.00053
3580,"6.575,171.757","7.213,170.955",1.76,0.00053
3585,"6.447,171.918","7.213,170.955",2.11,0.00053
3590,"6.320,172.078","7.213,170.955",2.47,0.00054
3595,"6.192,172.238","7.213,170.955",2.82,0.00054
3600,"6.064,172.398","7.213,170.955",3.17,0.00054
3605,"5.937,172.559","7.213,170.955",3.52,0.00054
3610,"5.809,172.719","7.213,170.955",3.87,0.00054
3615,"5.682,172.879","7.213,170.955",4.22,0.00054
3620,"5.554,173.039","7.213,170.955",4.57,0.00054
3625,"5.427,173.199","7.213,170.955",4.91,0.00054
3630,"5.299,173.360","7.213,170.955",5.26,0.00054
3635,"5.171,173.520","7.213,170.955",5.61,0.00054
3640,"5.044,173.680","7.213,170.955",5.96,0.00054
3645,"4.916,173.840","7.213,170.955",6.3,0.00054
3650,"4.789,174.000","7.213,170.955",6.65,0.00054
3655,"4.661,174.160","7.213,170.955",6.99,0.00054
3660,"4.534,174.320","7.213,170.955",7.34,0.00054
3665,"4.406,174.480","7.213,170.955",7.68,0.00055
3670,"4.279,174.640","7.213,170.955",8.03,0.00055
3675,"4.151,174.799","7.213,170.955",8.37,0.00055
3680,"4.024,174.959","7.213,170.955",8.71,0.00055
3685,"3.896,175.119","7.213,170.955",9.05,0.00055
3690,"3.769,175.279","7.213,170.955",9.39,0.00055
3695,"3.641,175.439","7.213,170.955",9.73,0.00055
3700,"3.514,175.599","7.213,170.955",9.73,0
3705,"3.386,175.758","7.213,170.955",9.73,0
3710,"3.259,175.918","7.213,170.955",9.73,0
3715,"3.131,176.078","7.213,170.955",9.73,0
3720,"3.004,176.238","7.213,170.955",9.73,0
3725,"2.876,176.397","7.213,170.955",9.73,0
3730,"2.749,176.557","7.213,170.955",9.73,0
3735,"2.622,176.717","7.213,170.955",9.73,0
3740,"2.494,176.877","7.213,170.955",9.73,0
3745,"2.367,177.036","7.213,170.955",9.73,0
3750,"2.239,177.196","7.213,170.955",9.73,0
3755,"2.112,177.356","7.213,170.955",9.73,0
3760,"1.984,177.515","7.213,170.955",9.73,0
3765,"1.857,177.675","7.213,170.955",9.73,0
3770,"1.729,177.834","7.213,170.955",9.73,0
3775,"1.602,177.994","7.213,170.955",9.73,0
3780,"1.474,178.154","7.213,170.955",9.73,0
3785,"1.347,178.313","7.213,170.955",9.73,0
3790,"1.220,178.473","7.213,170.955",9.73,0
3795,"1.092,178.632","7.213,170.955",9.73,0
3800,"0.965,178.792","7.213,170.955",9.73,0
3805,"0.837,178.952","7.213,170.955",9.73,0
3810,"0.710,179.111","7.213,170.955",9.73,0
3815,"0.582,179.271","7.213,170.955",9.73,0
3820,"0.455,179.430","7.213,170.955",9.73,0
3825,"0.328,179.590","7.213,170.955",9.73,0
3830,"0.200,179.749","7.213,170.955",9.73,0
3835,"0.073,179.909","7.213,170.955",9.73,0
3840,"-0.055,-179.931","7.213,170.955",9.73,0
3845,"-0.182,-179.772","7.213,170.955",9.73,0
3850,"-0.310,-179.612","7.213,170.955",9.73,0
3855,"-0.437,-179.453","7.213,170.955",9.73,0
3860,"-0.564,-179.293","7.213,170.955",9.73,0
3865,"-0.692,-179.134","7.213,170.955",9.73,0
3870,"-0.819,-178.974","7.213,170.955",9.73,0
3875,"-0.947,-178.814","7.213,170.955",9.73,0
3880,"-1.074,-178.655","7.213,170.955",9.73,0
3885,"-1.202,-178.495","7.213,170.955",9.73,0
3890,"-1.329,-178.336","7.213,170.955",9.73,0
3895,"-1.457,-178.176","7.213,170.955",9.73,0
3900,"-1.584,-178.017","7.213,170.955",9.73,0
3905,"-1.711,-177.857","7.213,170.955",9.73,0
3910,"-1.839,-177.697","-10.719,-166.532",9.73,0
3915,"-1.966,-177.538","-10.719,-166.532",9.73,0
3920,"-2.094,-177.378","-10.719,-166.532",9.73,0
3925,"-2.221,-177.218","-10.719,-166.532",9.73,0
3930,"-2.349,-177.059","-10.719,-166.532",9.73,0
3935,"-2.476,-176.899","-10.719,-166.532",9.73,0
3940,"-2.604,-176.739","-10.719,-166.532",9.73,0
3945,"-2.731,-176.580","-10.719,-166.532",9.73,0
3950,"-2.858,-176.420","-10.719,-166.532",9.73,0
3955,"-2.986,-176.260","-10.719,-166.532",9.73,0
3960,"-3.113,-176.100","-10.719,-166.532",9.73,0
3965,"-3.241,-175.941","-10.719,-166.532",9.73,0
3970,"-3.368,-175.781","-10.719,-166.532",9.73,0
3975,"-3.496,-175.621","-10.719,-166.532",9.73,0
3980,"-3.623,-175.461","-10.719,-166.532",9.73,0
3985,"-3.751,-175.302","-10.719,-166.532",9.73,0
3990,"-3.878,-175.142","-10.719,-166.532",9.73,0
3995,"-4.006,-174.982","-10.719,-166.532",9.73,0
4000,"-4.133,-174.822","-10.719,-166.532",9.73,0
4005,"-4.261,-174.662","-10.719,-166.532",9.73,0
4010,"-4.388,-174.502","-10.719,-166.532",9.73,0
4015,"-4.516,-174.342","-10.719,-166.532",9.73,0
4020,"-4.643,-174.182","-10.719,-166.532",9.73,0
4025,"-4.771,-174.022","-10.719,-166.532",9.73,0
4030,"-4.898,-173.862","-10.719,-166.532",9.73,0
4035,"-5.026,-173.702","-10.719,-166.532",9.73,0
4040,"-5.153,-173.542","-10.719,-166.532",9.73,0
4045,"-5.281,-173.382","-10.719,-166.532",9.73,0
4050,"-5.409,-173.222","-10.719,-166.532",9.73,0
4055,"-5.536,-173.062","-10.719,-166.532",9.73,0
4060,"-5.664,-172.902","-10.719,-166.532",9.73,0
4065,"-5.791,-172.742","-10.719,-166.532",9.73,0
4070,"-5.919,-172.581","-10.719,-166.532",9.73,0
4075,"-6.046,-172.421","-10.719,-166.532",9.73,0
4080,"-6.174,-172.261","-10.719,-166.532",9.73,0
4085,"-6.302,-172.100","-10.719,-166.532",9.73,0
4090,"-6.429,-171.940","-10.719,-166.532",9.73,0
4095,"-6.557,-171.780","-10.719,-166.532",9.73,0
4100,"-6.684,-171.619","-10.719,-166.532",9.73,0
4105,"-6.812,-171.459","-10.719,-166.532",9.73,0
4110,"-6.940,-171.298","-10.719,-166.532",9.73,0
4115,"-7.067,-171.138","-10.719,-166.532",9.99,0.62807
4120,"-7.195,-170.977","-10.719,-166.532",9.65,0.00058
4125,"-7.323,-170.817","-10.719,-166.532",9.31,0.00058
4130,"-7.450,-170.656","-10.719,-166.532",8.96,0.00058
4135,"-7.578,-170.496","-10.719,-166.532",8.62,0.00059
4140,"-7.705,-170.335","-10.719,-166.532",8.28,0.00059
4145,"-7.833,-170.174","-10.719,-166.532",7.93,0.00059
4150,"-7.961,-170.014","-10.719,-166.532",7.59,0.00059
4155,"-8.089,-169.853","-10.719,-166.532",7.24,0.00059
4160,"-8.216,-169.692","-10.719,-166.532",6.9,0.00059
4165,"-8.344,-169.531","-10.719,-166.532",6.55,0.00059
4170,"-8.472,-169.370","-10.719,-166.532",6.2,0.00059
4175,"-8.599,-169.209","-10.719,-166.532",5.86,0.00059
4180,"-8.727,-169.048","-10.719,-166.532",5.51,0.00059
4185,"-8.855,-168.887","-10.719,-166.532",5.16,0.00059
4190,"-8.983,-168.726","-10.719,-166.532",4.81,0.0006
4195,"-9.110,-168.565","-10.719,-166.532",4.46,0.0006
4200,"-9.238,-168.404","-10.719,-166.532",4.11,0.0006
4205,"-9.366,-168.243","-10.719,-166.532",3.75,0.0006
4210,"-9.494,-168.081","-10.719,-166.532",3.4,0.0006
4215,"-9.621,-167.920","-10.719,-166.532",3.05,0.0006
4220,"-9.749,-167.759","-10.719,-166.532",2.7,0.0006
4225,"-9.877,-167.597","-10.719,-166.532",2.34,0.0006
4230,"-10.005,-167.436","-10.719,-166.532",1.99,0.0006
4235,"-10.133,-167.274","-10.719,-166.532",1.63,0.0006
4240,"-10.260,-167.113","-10.719,-166.532",1.28,0.0006
4245,"-10.388,-166.951","-10.719,-166.532",0.92,0.00061
4250,"-10.516,-166.789","-10.719,-166.532",0.57,0.00061
4255,"-10.644,-166.628","-10.719,-166.532",0.21,0.00061
4260,"-10.772,-166.466","-10.719,-166.532",0.15,0.62771
4265,"-10.900,-166.304","-10.719,-166.532",0.5,0.00061
4270,"-11.028,-166.142","-10.719,-166.532",0.86,0.00061
4275,"-11.156,-165.980","-10.719,-166.532",1.22,0.00061
4280,"-11.283,-165.818","-10.719,-166.532",1.58,0.00061
4285,"-11.411,-165.656","-10.719,-166.532",1.93,0.00061
4290,"-11.539,-165.494","-10.719,-166.532",2.29,0.00061
4295,"-11.667,-165.332","-10.719,-166.532",2.65,0.00062
4300,"-11.795,-165.170","-10.719,-166.532",3.01,0.00062
4305,"-11.923,-165.008","-10.719,-166.532",3.37,0.00062
4310,"-12.051,-164.845","-10.719,-166.532",3.72,0.00062
4315,"-12.179,-164.683","-10.719,-166.532",4.08,0.00062
4320,"-12.307,-164.521","-10.719,-166.532",4.44,0.00062
4325,"-12.435,-164.358","-10.719,-166.532",4.8,0.00062
4330,"-12.563,-164.195","-10.719,-166.532",5.16,0.00062
4335,"-12.691,-164.033","-10.719,-166.532",5.52,0.00062
4340,"-12.819,-163.870","-10.719,-166.532",5.88,0.00062
4345,"-12.947,-163.707","-10.719,-166.532",6.23,0.00063
4350,"-13.075,-163.545","-10.719,-166.532",6.59,0.00063
4355,"-13.203,-163.382","-10.719,-166.532",6.95,0.00063
4360,"-13.331,-163.219","-10.719,-166.532",7.31,0.00063
4365,"-13.459,-163.056","-10.719,-166.532",7.67,0.00063
4370,"-13.587,-162.893","-10.719,-166.532",8.03,0.00063
4375,"-13.715,-162.730","-10.719,-166.532",8.38,0.00063
4380,"-13.844,-162.566","-10.719,-166.532",8.74,0.00063
4385,"-13.972,-162.403","-10.719,-166.532",9.1,0.00063
4390,"-14.100,-162.240","-10.719,-166.532",9.46,0.00064
4395,"-14.228,-162.076","-10.719,-166.532",9.81,0.00064
4400,"-14.356,-161.913","-10.719,-166.532",10.17,0.00064
4405,"-14.484,-161.749","-10.719,-166.532",10.17,0
4410,"-14.612,-161.586","-10.719,-166.532",10.17,0
4415,"-14.741,-161.422","-10.719,-166.532",10.17,0
4420,"-14.869,-161.258","-10.719,-166.532",10.17,0
4425,"-14.997,-161.094","-10.719,-166.532",10.17,0
4430,"-15.125,-160.930","-10.719,-166.532",10.17,0
4435,"-15.253,-160.766","-10.719,-166.532",10.17,0
4440,"-15.382,-160.602","-10.719,-166.532",10.17,0
4445,"-15.510,-160.438","-10.719,-166.532",10.17,0
4450,"-15.638,-160.274","-10.719,-166.532",10.17,0
4455,"-15.766,-160.109","-10.719,-166.532",10.17,0
4460,"-15.895,-159.945","-10.719,-166.532",10.17,0
4465,"-16.023,-159.781","-10.719,-166.532",10.17,0
4470,"-16.151,-159.616","-10.719,-166.532",10.17,0
4475,"-16.279,-159.451","-10.719,-166.532",10.17,0
4480,"-16.408,-159.287","-10.719,-166.532",10.17,0
4485,"-16.536,-159.122","-10.719,-166.532",10.17,0
4490,"-16.664,-158.957","-10.719,-166.532",10.17,0
4495,"-16.793,-158.792","-10.719,-166.532",10.17,0
4500,"-16.921,-158.627","-10.719,-166.532",10.17,0
4505,"-17.049,-158.462","-10.719,-166.532",10.17,0
4510,"-17.178,-158.297","-10.719,-166.532",10.17,0
4515,"-17.306,-158.131","-10.719,-166.532",10.17,0
4520,"-17.434,-157.966","-10.719,-166.532",10.17,0
4525,"-17.563,-157.800","-10.719,-166.532",10.17,0
4530,"-17.691,-157.635","-10.719,-166.532",10.17,0
4535,"-17.820,-157.469","-10.719,-166.532",10.17,0
4540,"-17.948,-157.303","-10.719,-166.532",10.17,0
4545,"-18.076,-157.138","-10.719,-166.532",10.17,0
4550,"-18.205,-156.972","-10.719,-166.532",10.17,0
4555,"-18.333,-156.806","-10.719,-166.532",10.17,0
4560,"-18.462,-156.640","-10.719,-166.532",10.17,0
4565,"-18.590,-156.473","-10.719,-166.532",10.17,0
4570,"-18.719,-156.307","-10.719,-166.532",10.17,0
4575,"-18.847,-156.141","-10.719,-166.532",10.17,0
4580,"-18.976,-155.974","-10.719,-166.532",10.17,0
4585,"-19.104,-155.808","-10.719,-166.532",10.17,0
4590,"-19.232,-155.641","-10.719,-166.532",10.17,0
4595,"-19.361,-155.474","-10.719,-166.532",10.17,0
4600,"-19.489,-155.307","-10.719,-166.532",10.17,0
4605,"-19.618,-155.140","-10.719,-166.532",10.17,0
4610,"-19.746,-154.973","-28.667,-143.082",10.17,0
4615,"-19.875,-154.806","-28.667,-143.082",10.17,0
4620,"-20.003,-154.639","-28.667,-143.082",10.17,0
4625,"-20.132,-154.471","-28.667,-143.082",10.17,0
4630,"-20.261,-154.304","-28.667,-143.082",10.17,0
4635,"-20.389,-154.136","-28.667,-143.082",10.17,0
4640,"-20.518,-153.968","-28.667,-143.082",10.17,0
4645,"-20.646,-153.801","-28.667,-143.082",10.17,0
4650,"-20.775,-153.633","-28.667,-143.082",10.17,0
4655,"-20.903,-153.465","-28.667,-143.082",10.17,0
4660,"-21.032,-153.296","-28.667,-143.082",10.17,0
4665,"-21.160,-153.128","-28.667,-143.082",10.17,0
4670,"-21.289,-152.960","-28.667,-143.082",10.17,0
4675,"-21.417,-152.791","-28.667,-143.082",10.17,0
4680,"-21.546,-152.623","-28.667,-143.082",10.17,0
4685,"-21.675,-152.454","-28.667,-143.082",10.17,0
4690,"-21.803,-152.285","-28.667,-143.082",10.17,0
4695,"-21.932,-152.117","-28.667,-143.082",10.17,0
4700,"-22.060,-151.948","-28.667,-143.082",10.17,0
4705,"-22.189,-151.778","-28.667,-143.082",10.17,0
4710,"-22.317,-151.609","-28.667,-143.082",10.17,0
4715,"-22.446,-151.440","-28.667,-143.082",10.17,0
4720,"-22.575,-151.270","-28.667,-143.082",10.17,0
4725,"-22.703,-151.101","-28.667,-143.082",10.17,0
4730,"-22.832,-150.931","-28.667,-143.082",10.17,0
4735,"-22.960,-150.761","-28.667,-143.082",10.17,0
4740,"-23.089,-150.591","-28.667,-143.082",10.17,0
4745,"-23.218,-150.421","-28.667,-143.082",10.17,0
4750,"-23.346,-150.251","-28.667,-143.082",10.17,0
4755,"-23.475,-150.081","-28.667,-143.082",10.17,0
4760,"-23.603,-149.910","-28.667,-143.082",10.17,0
4765,"-23.732,-149.740","-28.667,-143.082",10.17,0
4770,"-23.860,-149.569","-28.667,-143.082",10.17,0
4775,"-23.989,-149.398","-28.667,-143.082",10.17,0
4780,"-24.117,-149.227","-28.667,-143.082",10.17,0
4785,"-24.246,-149.056","-28.667,-143.082",10.17,0
4790,"-24.375,-148.885","-28.667,-143.082",10.17,0
4795,"-24.503,-148.714","-28.667,-143.082",10.17,0
4800,"-24.632,-148.542","-28.667,-143.082",10.17,0
4805,"-24.760,-148.371","-28.667,-143.082",10.17,0
4810,"-24.889,-148.199","-28.667,-143.082",10.17,0
4815,"-25.017,-148.027","-28.667,-143.082",10.77,0.62079
4820,"-25.146,-147.855","-28.667,-143.082",10.41,0.00071
4825,"-25.274,-147.683","-28.667,-143.082",10.05,0.00071
4830,"-25.403,-147.511","-28.667,-143.082",9.69,0.00071
4835,"-25.531,-147.339","-28.667,-143.082",9.32,0.00072
4840,"-25.660,-147.166","-28.667,-143.082",8.96,0.00072
4845,"-25.788,-146.993","-28.667,-143.082",8.59,0.00072
4850,"-25.917,-146.821","-28.667,-143.082",8.22,0.00072
4855,"-26.045,-146.648","-28.667,-143.082",7.85,0.00072
4860,"-26.173,-146.475","-28.667,-143.082",7.48,0.00072
4865,"-26.302,-146.302","-28.667,-143.082",7.11,0.00072
4870,"-26.430,-146.128","-28.667,-143.082",6.73,0.00073
4875,"-26.559,-145.955","-28.667,-143.082",6.36,0.00073
4880,"-26.687,-145.781","-28.667,-143.082",5.98,0.00073
4885,"-26.815,-145.607","-28.667,-143.082",5.6,0.00073
4890,"-26.944,-145.434","-28.667,-143.082",5.22,0.00073
4895,"-27.072,-145.260","-28.667,-143.082",4.84,0.00073
4900,"-27.200,-145.085","-28.667,-143.082",4.46,0.00074
4905,"-27.329,-144.911","-28.667,-143.082",4.07,0.00074
4910,"-27.457,-144.737","-28.667,-143.082",3.69,0.00074
4915,"-27.585,-144.562","-28.667,-143.082",3.3,0.00074
4920,"-27.713,-144.387","-28.667,-143.082",2.92,0.00074
4925,"-27.842,-144.212","-28.667,-143.082",2.53,0.00074
4930,"-27.970,-144.037","-28.667,-143.082",2.14,0.00075
4935,"-28.098,-143.862","-28.667,-143.082",1.75,0.00075
4940,"-28.226,-143.687","-28.667,-143.082",1.36,0.00075
4945,"-28.354,-143.511","-28.667,-143.082",0.96,0.00075
4950,"-28.482,-143.335","-28.667,-143.082",0.57,0.00075
4955,"-28.610,-143.160","-28.667,-143.082",0.17,0.00075
4960,"-28.738,-142.984","-28.667,-143.082",0.22,0.62756
4965,"-28.866,-142.808","-28.667,-143.082",0.62,0.00076
4970,"-28.994,-142.631","-28.667,-143.082",1.01,0.00076
4975,"-29.122,-142.455","-28.667,-143.082",1.41,0.00076
4980,"-29.250,-142.278","-28.667,-143.082",1.81,0.00076
4985,"-29.378,-142.102","-28.667,-143.082",2.21,0.00076
4990,"-29.506,-141.925","-28.667,-143.082",2.61,0.00077
4995,"-29.634,-141.748","-28.667,-143.082",3.01,0.00077
5000,"-29.762,-141.570","-28.667,-143.082",3.41,0.00077
5005,"-29.890,-141.393","-28.667,-143.082",3.82,0.00077
5010,"-30.017,-141.215","-28.667,-143.082",4.22,0.00077
5015,"-30.145,-141.038","-28.667,-143.082",4.62,0.00077
5020,"-30.273,-140.860","-28.667,-143.082",5.03,0.00078
5025,"-30.400,-140.682","-28.667,-143.082",5.43,0.00078
5030,"-30.528,-140.504","-28.667,-143.082",5.84,0.00078
5035,"-30.655,-140.325","-28.667,-143.082",6.24,0.00078
5040,"-30.783,-140.147","-28.667,-143.082",6.65,0.00078
5045,"-30.910,-139.968","-28.667,-143.082",7.05,0.00078
5050,"-31.038,-139.789","-28.667,-143.082",7.46,0.00079
5055,"-31.165,-139.610","-28.667,-143.082",7.87,0.00079
5060,"-31.292,-139.431","-28.667,-143.082",8.28,0.00079
5065,"-31.420,-139.251","-28.667,-143.082",8.68,0.00079
5070,"-31.547,-139.072","-28.667,-143.082",9.09,0.00079
5075,"-31.674,-138.892","-28.667,-143.082",9.5,0.0008
5080,"-31.801,-138.712","-28.667,-143.082",9.91,0.0008
5085,"-31.928,-138.532","-28.667,-143.082",10.31,0.0008
5090,"-32.055,-138.352","-28.667,-143.082",10.72,0.0008
5095,"-32.182,-138.171","-28.667,-143.082",11.13,0.0008
5100,"-32.309,-137.991","-28.667,-143.082",11.54,0.00081
5105,"-32.436,-137.810","-28.667,-143.082",11.54,0
5110,"-32.563,-137.629","-28.667,-143.082",11.54,0
5115,"-32.690,-137.448","-28.667,-143.082",11.54,0
5120,"-32.816,-137.266","-28.667,-143.082",11.54,0
5125,"-32.943,-137.085","-28.667,-143.082",11.54,0
5130,"-33.070,-136.903","-28.667,-143.082",11.54,0
5135,"-33.196,-136.721","-28.667,-143.082",11.54,0
5140,"-33.322,-136.539","-28.667,-143.082",11.54,0
5145,"-33.449,-136.357","-28.667,-143.082",11.54,0
5150,"-33.575,-136.174","-28.667,-143.082",11.54,0
5155,"-33.701,-135.992","-28.667,-143.082",11.54,0
5160,"-33.827,-135.809","-28.667,-143.082",11.54,0
5165,"-33.953,-135.626","-28.667,-143.082",11.54,0
5170,"-34.079,-135.443","-28.667,-143.082",11.54,0
5175,"-34.205,-135.259","-28.667,-143.082",11.54,0
5180,"-34.331,-135.075","-28.667,-143.082",11.54,0
5185,"-34.457,-134.892","-28.667,-143.082",11.54,0
5190,"-34.583,-134.708","-28.667,-143.082",11.54,0
5195,"-34.708,-134.524","-28.667,-143.082",11.54,0
5200,"-34.834,-134.339","-28.667,-143.082",11.54,0
5205,"-34.959,-134.155","-28.667,-143.082",11.54,0
5210,"-35.084,-133.970","-28.667,-143.082",11.54,0
5215,"-35.210,-133.785","-28.667,-143.082",11.54,0
5220,"-35.335,-133.600","-28.667,-143.082",11.54,0
5225,"-35.460,-133.414","-28.667,-143.082",11.54,0
5230,"-35.585,-133.229","-28.667,-143.082",11.54,0
5235,"-35.710,-133.043","-28.667,-143.082",11.54,0
5240,"-35.834,-132.857","-28.667,-143.082",11.54,0
5245,"-35.959,-132.671","-28.667,-143.082",11.54,0
5250,"-36.084,-132.484","-28.667,-143.082",11.54,0
5255,"-36.208,-132.298","-28.667,-143.082",11.54,0
5260,"-36.332,-132.111","-28.667,-143.082",11.54,0
5265,"-36.457,-131.924","-28.667,-143.082",11.54,0
5270,"-36.581,-131.737","-28.667,-143.082",11.54,0
5275,"-36.705,-131.549","-28.667,-143.082",11.54,0
5280,"-36.828,-131.361","-28.667,-143.082",11.54,0
5285,"-36.952,-131.174","-28.667,-143.082",11.54,0
5290,"-37.076,-130.985","-28.667,-143.082",11.54,0
5295,"-37.199,-130.797","-28.667,-143.082",11.54,0
5300,"-37.323,-130.609","-28.667,-143.082",11.54,0
5305,"-37.446,-130.420","-28.667,-143.082",11.54,0
5310,"-37.569,-130.231","-28.667,-143.082",11.54,0
5315,"-37.692,-130.042","-28.667,-143.082",11.54,0
5320,"-37.815,-129.852","-46.513,-114.707",11.54,0
5325,"-37.938,-129.663","-46.513,-114.707",11.54,0
5330,"-38.060,-129.473","-46.513,-114.707",11.54,0
5335,"-38.182,-129.283","-46.513,-114.707",11.54,0
5340,"-38.305,-129.093","-46.513,-114.707",11.54,0
5345,"-38.427,-128.902","-46.513,-114.707",11.54,0
5350,"-38.549,-128.711","-46.513,-114.707",11.54,0
5355,"-38.671,-128.520","-46.513,-114.707",11.54,0
5360,"-38.792,-128.329","-46.513,-114.707",11.54,0
5365,"-38.914,-128.138","-46.513,-114.707",11.54,0
5370,"-39.035,-127.946","-46.513,-114.707",11.54,0
5375,"-39.156,-127.754","-46.513,-114.707",11.54,0
5380,"-39.277,-127.562","-46.513,-114.707",11.54,0
5385,"-39.398,-127.370","-46.513,-114.707",11.54,0
5390,"-39.519,-127.177","-46.513,-114.707",11.54,0
5395,"-39.639,-126.984","-46.513,-114.707",11.54,0
5400,"-39.759,-126.791","-46.513,-114.707",11.54,0
5405,"-39.879,-126.598","-46.513,-114.707",11.54,0
5410,"-39.999,-126.405","-46.513,-114.707",11.54,0
5415,"-40.119,-126.211","-46.513,-114.707",11.54,0
5420,"-40.239,-126.017","-46.513,-114.707",11.54,0
5425,"-40.358,-125.823","-46.513,-114.707",11.54,0
5430,"-40.477,-125.628","-46.513,-114.707",11.54,0
5435,"-40.596,-125.433","-46.513,-114.707",11.54,0
5440,"-40.715,-125.238","-46.513,-114.707",11.54,0
5445,"-40.833,-125.043","-46.513,-114.707",11.54,0
5450,"-40.951,-124.848","-46.513,-114.707",11.54,0
5455,"-41.070,-124.652","-46.513,-114.707",11.54,0
5460,"-41.187,-124.456","-46.513,-114.707",11.54,0
5465,"-41.305,-124.260","-46.513,-114.707",11.54,0
5470,"-41.422,-124.063","-46.513,-114.707",11.54,0
5475,"-41.540,-123.867","-46.513,-114.707",11.54,0
5480,"-41.656,-123.670","-46.513,-114.707",11.54,0
5485,"-41.773,-123.472","-46.513,-114.707",11.54,0
5490,"-41.890,-123.275","-46.513,-114.707",11.54,0
5495,"-42.006,-123.077","-46.513,-114.707",11.54,0
5500,"-42.122,-122.879","-46.513,-114.707",11.54,0
5505,"-42.237,-122.681","-46.513,-114.707",11.54,0
5510,"-42.353,-122.482","-46.513,-114.707",11.54,0
5515,"-42.468,-122.284","-46.513,-114.707",11.54,0
5520,"-42.583,-122.085","-46.513,-114.707",11.54,0
5525,"-42.697,-121.885","-46.513,-114.707",11.54,0
5530,"-42.812,-121.686","-46.513,-114.707",11.54,0
5535,"-42.926,-121.486","-46.513,-114.707",11.54,0
5540,"-43.040,-121.286","-46.513,-114.707",13.81,0.62713
5545,"-43.153,-121.086","-46.513,-114.707",13.42,0.00106
5550,"-43.266,-120.885","-46.513,-114.707",13.02,0.00106
5555,"-43.379,-120.684","-46.513,-114.707",12.62,0.00106
5560,"-43.492,-120.483","-46.513,-114.707",12.22,0.00107
5565,"-43.604,-120.282","-46.513,-114.707",11.82,0.00107
5570,"-43.716,-120.080","-46.513,-114.707",11.41,0.00108
5575,"-43.827,-119.878","-46.513,-114.707",11,0.00108
5580,"-43.939,-119.676","-46.513,-114.707",10.59,0.00108
5585,"-44.050,-119.473","-46.513,-114.707",10.18,0.00109
5590,"-44.160,-119.270","-46.513,-114.707",9.76,0.00109
5595,"-44.271,-119.067","-46.513,-114.707",9.34,0.0011
5600,"-44.381,-118.864","-46.513,-114.707",8.92,0.0011
5605,"-44.490,-118.660","-46.513,-114.707",8.5,0.0011
5610,"-44.599,-118.456","-46.513,-114.707",8.07,0.00111
5615,"-44.708,-118.252","-46.513,-114.707",7.65,0.00111
5620,"-44.817,-118.048","-46.513,-114.707",7.22,0.00112
5625,"-44.925,-117.843","-46.513,-114.707",6.79,0.00112
5630,"-45.033,-117.638","-46.513,-114.707",6.35,0.00113
5635,"-45.140,-117.432","-46.513,-114.707",5.92,0.00113
5640,"-45.247,-117.227","-46.513,-114.707",5.48,0.00113
5645,"-45.354,-117.021","-46.513,-114.707",5.04,0.00114
5650,"-45.460,-116.815","-46.513,-114.707",4.59,0.00114
5655,"-45.566,-116.608","-46.513,-114.707",4.15,0.00115
5660,"-45.671,-116.401","-46.513,-114.707",3.7,0.00115
5665,"-45.776,-116.194","-46.513,-114.707",3.25,0.00116
5670,"-45.880,-115.987","-46.513,-114.707",2.8,0.00116
5675,"-45.985,-115.779","-46.513,-114.707",2.35,0.00117
5680,"-46.088,-115.571","-46.513,-114.707",1.9,0.00117
5685,"-46.191,-115.363","-46.513,-114.707",1.44,0.00118
5690,"-46.294,-115.154","-46.513,-114.707",0.99,0.00118
5695,"-46.397,-114.945","-46.513,-114.707",0.53,0.00119
5700,"-46.498,-114.736","-46.513,-114.707",0.07,0.00119
5705,"-46.600,-114.527","-46.513,-114.707",0.4,0.62712
5710,"-46.701,-114.317","-46.513,-114.707",0.86,0.0012
5715,"-46.801,-114.107","-46.513,-114.707",1.33,0.00121
5720,"-46.901,-113.897","-46.513,-114.707",1.79,0.00121
5725,"-47.001,-113.686","-46.513,-114.707",2.26,0.00122
5730,"-47.099,-113.475","-46.513,-114.707",2.73,0.00122
5735,"-47.198,-113.263","-46.513,-114.707",3.2,0.00123
5740,"-47.296,-113.052","-46.513,-114.707",3.67,0.00123
5745,"-47.393,-112.840","-46.513,-114.707",4.15,0.00124
5750,"-47.490,-112.628","-46.513,-114.707",4.62,0.00124
5755,"-47.586,-112.415","-46.513,-114.707",5.1,0.00125
5760,"-47.682,-112.202","-46.513,-114.707",5.57,0.00125
5765,"-47.777,-111.989","-46.513,-114.707",6.05,0.00126
5770,"-47.872,-111.775","-46.513,-114.707",6.53,0.00126
5775,"-47.966,-111.562","-46.513,-114.707",7.01,0.00127
5780,"-48.060,-111.347","-46.513,-114.707",7.49,0.00127
5785,"-48.153,-111.133","-46.513,-114.707",7.97,0.00128
5790,"-48.245,-110.918","-46.513,-114.707",8.45,0.00129
5795,"-48.337,-110.703","-46.513,-114.707",8.93,0.00129
5800,"-48.428,-110.487","-46.513,-114.707",9.41,0.0013
5805,"-48.518,-110.272","-46.513,-114.707",9.9,0.0013
5810,"-48.608,-110.056","-46.513,-114.707",10.38,0.00131
5815,"-48.698,-109.839","-46.513,-114.707",10.86,0.00131
5820,"-48.786,-109.622","-46.513,-114.707",11.35,0.00132
5825,"-48.874,-109.405","-46.513,-114.707",11.83,0.00133
5830,"-48.962,-109.188","-46.513,-114.707",12.32,0.00133
5835,"-49.048,-108.970","-46.513,-114.707",12.8,0.00134
5840,"-49.134,-108.752","-46.513,-114.707",13.29,0.00134
5845,"-49.219,-108.533","-46.513,-114.707",13.77,0.00135
5850,"-49.304,-108.315","-46.513,-114.707",14.25,0.00136
5855,"-49.388,-108.095","-46.513,-114.707",14.74,0.00136
5860,"-49.471,-107.876","-46.513,-114.707",15.22,0.00137
5865,"-49.554,-107.656","-46.513,-114.707",15.71,0.00137
5870,"-49.636,-107.436","-46.513,-114.707",16.19,0.00138
5875,"-49.717,-107.216","-46.513,-114.707",16.19,0
5880,"-49.797,-106.995","-46.513,-114.707",16.19,0
5885,"-49.876,-106.773","-46.513,-114.707",16.19,0
5890,"-49.955,-106.552","-46.513,-114.707",16.19,0
5895,"-50.033,-106.330","-46.513,-114.707",16.19,0
5900,"-50.110,-106.108","-46.513,-114.707",16.19,0
5905,"-50.187,-105.885","-46.513,-114.707",16.19,0
5910,"-50.263,-105.662","-46.513,-114.707",16.19,0
5915,"-50.337,-105.439","-46.513,-114.707",16.19,0
5920,"-50.411,-105.215","-46.513,-114.707",16.19,0
5925,"-50.485,-104.991","-46.513,-114.707",16.19,0
5930,"-50.557,-104.767","-46.513,-114.707",16.19,0
5935,"-50.629,-104.542","-46.513,-114.707",16.19,0
5940,"-50.699,-104.317","-46.513,-114.707",16.19,0
5945,"-50.769,-104.092","-46.513,-114.707",16.19,0
5950,"-50.838,-103.866","-46.513,-114.707",16.19,0
5955,"-50.906,-103.640","-46.513,-114.707",16.19,0
5960,"-50.973,-103.413","-46.513,-114.707",16.19,0
5965,"-51.039,-103.186","-46.513,-114.707",16.19,0
5970,"-51.105,-102.959","-46.513,-114.707",16.19,0
5975,"-51.169,-102.731","-46.513,-114.707",16.19,0
5980,"-51.233,-102.503","-46.513,-114.707",16.19,0
5985,"-51.295,-102.275","-46.513,-114.707",16.19,0
5990,"-51.357,-102.046","-46.513,-114.707",16.19,0
5995,"-51.417,-101.817","-46.513,-114.707",16.19,0
6000,"-51.477,-101.588","-46.513,-114.707",16.19,0
6005,"-51.536,-101.358","-46.513,-114.707",16.19,0
6010,"-51.593,-101.128","-46.513,-114.707",16.19,0
6015,"-51.650,-100.897","-46.513,-114.707",16.19,0
6020,"-51.706,-100.666","-46.513,-114.707",16.19,0
6025,"-51.760,-100.435","-46.513,-114.707",16.19,0
6030,"-51.814,-100.203","-46.513,-114.707",16.19,0
6035,"-51.866,-99.971","-46.513,-114.707",16.19,0
6040,"-51.918,-99.738","-46.513,-114.707",16.19,0
6045,"-51.968,-99.505","-46.513,-114.707",16.19,0
6050,"-52.018,-99.272","-46.513,-114.707",16.19,0
6055,"-52.066,-99.038","-46.513,-114.707",16.19,0
6060,"-52.113,-98.804","-46.513,-114.707",16.19,0
6065,"-52.159,-98.570","-46.513,-114.707",16.19,0
6070,"-52.204,-98.335","-46.513,-114.707",16.19,0
6075,"-52.248,-98.099","-46.513,-114.707",16.19,0
6080,"-52.291,-97.864","-46.513,-114.707",16.19,0
6085,"-52.332,-97.628","-46.513,-114.707",16.19,0
6090,"-52.373,-97.391","-46.513,-114.707",16.19,0
6095,"-52.412,-97.154","-46.513,-114.707",16.19,0
6100,"-52.450,-96.917","-46.513,-114.707",16.19,0
6105,"-52.487,-96.679","-46.513,-114.707",16.19,0
6110,"-52.523,-96.441","-46.513,-114.707",16.19,0
6115,"-52.557,-96.203","-46.513,-114.707",16.19,0
6120,"-52.590,-95.964","-46.513,-114.707",16.19,0
